<?xml version="1.0" ?>
<LOG_ROOT>
	<PROJECT NAME="mycpu">
		<CBX_INST_ENTRY INSTANCE_NAME="|mycpu|rscpu:inst|lpm_mux:Mux12" CBX_FILE_NAME="mux_qpc.tdf"/>
		<CBX_INST_ENTRY INSTANCE_NAME="|mycpu|rscpu:inst|lpm_mux:Mux21" CBX_FILE_NAME="mux_qpc.tdf"/>
		<CBX_INST_ENTRY INSTANCE_NAME="|mycpu|rscpu:inst|lpm_mux:Mux3" CBX_FILE_NAME="mux_qpc.tdf"/>
		<CBX_INST_ENTRY INSTANCE_NAME="|mycpu|rscpu:inst|lpm_mux:Mux30" CBX_FILE_NAME="mux_qpc.tdf"/>
		<CBX_INST_ENTRY INSTANCE_NAME="|mycpu|rsmem:inst1|altsyncram:memdata_rtl_0" CBX_FILE_NAME="altsyncram_8mg1.tdf"/>
		<CBX_INST_ENTRY INSTANCE_NAME="|mycpu|rscpu:inst|lpm_mux:Mux13" CBX_FILE_NAME="mux_qpc.tdf"/>
		<CBX_INST_ENTRY INSTANCE_NAME="|mycpu|rscpu:inst|lpm_mux:Mux22" CBX_FILE_NAME="mux_qpc.tdf"/>
		<CBX_INST_ENTRY INSTANCE_NAME="|mycpu|rscpu:inst|lpm_mux:Mux31" CBX_FILE_NAME="mux_qpc.tdf"/>
		<CBX_INST_ENTRY INSTANCE_NAME="|mycpu|rscpu:inst|lpm_mux:Mux4" CBX_FILE_NAME="mux_qpc.tdf"/>
		<CBX_INST_ENTRY INSTANCE_NAME="|mycpu|rscpu:inst|lpm_mux:Mux14" CBX_FILE_NAME="mux_qpc.tdf"/>
		<CBX_INST_ENTRY INSTANCE_NAME="|mycpu|rscpu:inst|lpm_mux:Mux23" CBX_FILE_NAME="mux_qpc.tdf"/>
		<CBX_INST_ENTRY INSTANCE_NAME="|mycpu|rscpu:inst|lpm_mux:Mux32" CBX_FILE_NAME="mux_qpc.tdf"/>
		<CBX_INST_ENTRY INSTANCE_NAME="|mycpu|rscpu:inst|lpm_mux:Mux5" CBX_FILE_NAME="mux_qpc.tdf"/>
		<CBX_INST_ENTRY INSTANCE_NAME="|mycpu|rscpu:inst|lpm_mux:Mux15" CBX_FILE_NAME="mux_qpc.tdf"/>
		<CBX_INST_ENTRY INSTANCE_NAME="|mycpu|rscpu:inst|lpm_mux:Mux24" CBX_FILE_NAME="mux_qpc.tdf"/>
		<CBX_INST_ENTRY INSTANCE_NAME="|mycpu|rscpu:inst|lpm_mux:Mux33" CBX_FILE_NAME="mux_qpc.tdf"/>
		<CBX_INST_ENTRY INSTANCE_NAME="|mycpu|rscpu:inst|lpm_mux:Mux6" CBX_FILE_NAME="mux_frc.tdf"/>
		<CBX_INST_ENTRY INSTANCE_NAME="|mycpu|rscpu:inst|lpm_mux:Mux16" CBX_FILE_NAME="mux_qpc.tdf"/>
		<CBX_INST_ENTRY INSTANCE_NAME="|mycpu|rscpu:inst|lpm_mux:Mux25" CBX_FILE_NAME="mux_qpc.tdf"/>
		<CBX_INST_ENTRY INSTANCE_NAME="|mycpu|rscpu:inst|lpm_mux:Mux34" CBX_FILE_NAME="mux_kpc.tdf"/>
		<CBX_INST_ENTRY INSTANCE_NAME="|mycpu|rscpu:inst|lpm_mux:Mux7" CBX_FILE_NAME="mux_frc.tdf"/>
		<CBX_INST_ENTRY INSTANCE_NAME="|mycpu|rscpu:inst|lpm_mux:Mux0" CBX_FILE_NAME="mux_qpc.tdf"/>
		<CBX_INST_ENTRY INSTANCE_NAME="|mycpu|rscpu:inst|lpm_mux:Mux17" CBX_FILE_NAME="mux_qpc.tdf"/>
		<CBX_INST_ENTRY INSTANCE_NAME="|mycpu|rscpu:inst|lpm_mux:Mux26" CBX_FILE_NAME="mux_qpc.tdf"/>
		<CBX_INST_ENTRY INSTANCE_NAME="|mycpu|rscpu:inst|lpm_mux:Mux35" CBX_FILE_NAME="mux_qpc.tdf"/>
		<CBX_INST_ENTRY INSTANCE_NAME="|mycpu|rscpu:inst|lpm_mux:Mux8" CBX_FILE_NAME="mux_frc.tdf"/>
		<CBX_INST_ENTRY INSTANCE_NAME="|mycpu|rscpu:inst|lpm_mux:Mux1" CBX_FILE_NAME="mux_qpc.tdf"/>
		<CBX_INST_ENTRY INSTANCE_NAME="|mycpu|rscpu:inst|lpm_mux:Mux10" CBX_FILE_NAME="mux_frc.tdf"/>
		<CBX_INST_ENTRY INSTANCE_NAME="|mycpu|rscpu:inst|lpm_mux:Mux18" CBX_FILE_NAME="mux_qpc.tdf"/>
		<CBX_INST_ENTRY INSTANCE_NAME="|mycpu|rscpu:inst|lpm_mux:Mux27" CBX_FILE_NAME="mux_qpc.tdf"/>
		<CBX_INST_ENTRY INSTANCE_NAME="|mycpu|rscpu:inst|lpm_mux:Mux36" CBX_FILE_NAME="mux_qpc.tdf"/>
		<CBX_INST_ENTRY INSTANCE_NAME="|mycpu|rscpu:inst|lpm_mux:Mux9" CBX_FILE_NAME="mux_frc.tdf"/>
		<CBX_INST_ENTRY INSTANCE_NAME="|mycpu|rscpu:inst|lpm_mux:Mux11" CBX_FILE_NAME="mux_frc.tdf"/>
		<CBX_INST_ENTRY INSTANCE_NAME="|mycpu|rscpu:inst|lpm_mux:Mux19" CBX_FILE_NAME="mux_qpc.tdf"/>
		<CBX_INST_ENTRY INSTANCE_NAME="|mycpu|rscpu:inst|lpm_mux:Mux2" CBX_FILE_NAME="mux_qpc.tdf"/>
		<CBX_INST_ENTRY INSTANCE_NAME="|mycpu|rscpu:inst|lpm_mux:Mux20" CBX_FILE_NAME="mux_qpc.tdf"/>
		<CBX_INST_ENTRY INSTANCE_NAME="|mycpu|rscpu:inst|lpm_mux:Mux28" CBX_FILE_NAME="mux_kpc.tdf"/>
		<CBX_INST_ENTRY INSTANCE_NAME="|mycpu|rscpu:inst|lpm_mux:Mux37" CBX_FILE_NAME="mux_qpc.tdf"/>
		<CBX_INST_ENTRY INSTANCE_NAME="|mycpu|rscpu:inst|lpm_mux:Mux29" CBX_FILE_NAME="mux_qpc.tdf"/>
		<CBX_INST_ENTRY INSTANCE_NAME="|mycpu|rscpu:inst|lpm_mux:Mux38" CBX_FILE_NAME="mux_qpc.tdf"/>
	</PROJECT>
</LOG_ROOT>
